Name of Business:  Becker Consulting,Address:  925 LOCUST LN. ,"City/State/ZIP:  CINCINNATI, OH 45245",Point of Contact:  John  Becker,Telephone:  513/753-6440
Name of Business:  FACTS Tax Service,Address:  777 OLD LOCUST HILL RD ,"City/State/ZIP:  CINCINNATI, OH 45245",Point of Contact:  BARRY R BELINKY,Telephone:  513/521-6464
Name of Business:  CHECKSMART 046,Address:  637 OHIO PIKE ,"City/State/ZIP:  CINCINNATI, OH 45245",Point of Contact:  DIANA G BRITTON,Telephone:  678/513-8700
Name of Business:  LIBERTY TAX SERVICES,Address:  637 OHIO PIKE SUITE F,"City/State/ZIP:  CINCINNATI, OH 45245",Point of Contact:  RONALD D BRYANT,Telephone:  513/553-0860
Name of Business:  JACKSON HEWITT TAX SERVICE,Address:  4730 EASTGATE SQ DR (WALMART) ,"City/State/ZIP:  CINCINNATTI, OH 45245",Point of Contact:  Mark  Cheshul,Telephone:  973/630-0764
Name of Business:  JACKSON HEWITT TAX SERVICE,Address:  792 EASTGATE BLVD SUITE 825,"City/State/ZIP:  CINCINNATI, OH 45245",Point of Contact:  Mark  Cheshul,Telephone:  973/630-0764
Name of Business:  Liberty Tax Service,Address:  960 KENNEDYS LANDING STE 5 ,"City/State/ZIP:  CINCINNATI, OH 45245",Point of Contact:  Kevin D Cunningham,Telephone:  513/947-1100
Name of Business:  TIM DURHAM CPA,Address:  3991 Gardener Lane ,"City/State/ZIP:  CINCINNATI, OH 45245",Point of Contact:  TIM L DURHAM,Telephone:  513/528-1712
Name of Business:  FARRELL INCORPORATED,Address:  978 OLD ST RT 74 ,"City/State/ZIP:  CINCINNATI, OH 45245",Point of Contact:  TROY R FARRELL,Telephone:  937/378-3515
Name of Business:  GLOBAL TAX MANAGEMENT LLC,Address:  851 OHIO PIKE ,"City/State/ZIP:  CINCINNATI, OH 45245",Point of Contact:  jason D FEIST,Telephone:  513/783-7139
Name of Business:  Lillain Ferrante,Address:  3447 MACKENIZE CROSSING ,"City/State/ZIP:  CINCINNATI, OH 45245",Point of Contact:  Lillian M Ferrante,Telephone:  513/535-9944
Name of Business:  instant tax service,Address:  4394 EASTGATE SQUARE DRIVE ,"City/State/ZIP:  CINCINNATI, OH 45245",Point of Contact:  scott  gilbert,Telephone:  513/479-0313
Name of Business:  instant tax service,Address:  4530 EASTGATE BLVD ,"City/State/ZIP:  CINCINNATI, OH 45245",Point of Contact:  Scott  Gilbert,Telephone:  513/479-0313
Name of Business:  BERNARD J GRIFFIN CPA,Address:  14 LOCUST HILL RD ,"City/State/ZIP:  CINCINNATI, OH 45245",Point of Contact:  BERNARD J GRIFFIN,Telephone:  513/752-3458
Name of Business:  EASTGATE TAX & PAYROLL SERVICE,Address:  873 OLD STATE ROUTE 74 ,"City/State/ZIP:  CINCINNATI, OH 45245",Point of Contact:  KATE  HARNER,Telephone:  513/752-3722
Name of Business:  G.C. Primus LLC,Address:  4285 GLEN ESTE WITHAMSVILLE RD ,"City/State/ZIP:  CINCINNATI, OH 45245",Point of Contact:  Primo M Nyika-Makore,Telephone:  513/293-0953
Name of Business:  Primo M Nyika-Makore,Address:  4285 GLEN ESTE-WITHAMSVILLE RD ,"City/State/ZIP:  CINCINNATI, OH 45245",Point of Contact:  Primo M Nyika-Makore,Telephone:  513/293-0953
Name of Business:  TAX AND RETIREMENT PLANNING SERVICE,Address:  3419 W LEGENDARY RUN ,"City/State/ZIP:  CINCINNATI, OH 45245",Point of Contact:  Julia  Sawyer,Telephone:  513/231-7115
Name of Business:  Liberty Tax Service,Address:  671 OHIO PIKE STE I ,"City/State/ZIP:  CINCINNATI, OH 45245",Point of Contact:  John B Vyhnalek,Telephone:  513/226-6284
Name of Business:  TAX MAX,Address:  3795 MERWINTEN MILE RD ,"City/State/ZIP:  CINCINNATI, OH 45245",Point of Contact:  SANDRA L WIRTHLIN,Telephone:  513/752-2219
Name of Business:  H & R BLOCK,Address:  EASTGATE VILLAGE SHOPS 1 761 EASTGATE SOUTH DR - STE 5,"City/State/ZIP:  CINCINNATI, OH 45245",Point of Contact:  Derrick I Woolums,Telephone:  513/578-4642
Name of Business:  H & R BLOCK EASTERN TAX SERV INC,Address:  EASTGATE MALL 4601 EASTGATE BLVD STE B416,"City/State/ZIP:  CINCINNATI, OH 45245",Point of Contact:  Derrick I Woolums,Telephone:  513/578-4642
